{
  "feature_names": [
    "x_mean",
    "x_std",
    "x_min",
    "x_max",
    "x_q25",
    "x_q75",
    "x_skew",
    "x_kurt",
    "y_mean",
    "y_std",
    "y_min",
    "y_max",
    "y_q25",
    "y_q75",
    "y_skew",
    "y_kurt",
    "z_mean",
    "z_std",
    "z_min",
    "z_max",
    "z_q25",
    "z_q75",
    "z_skew",
    "z_kurt",
    "mag_mean",
    "mag_std",
    "mag_range"
  ],
  "mean": [
    0.1398954097529812,
    2.6991347671326964,
    -6.922882596719953,
    7.157962204196861,
    -1.5212419864678797,
    1.8257580591129547,
    -0.025296679318349603,
    1.4536551046452184,
    -2.2881915883378183,
    3.1183979628672165,
    -9.63490967443673,
    4.2631540731033875,
    -4.439884004544862,
    -0.08664821882153163,
    -0.13428731162571977,
    1.194239220763237,
    -0.19641832487358318,
    2.4431746798251024,
    -7.570604544609925,
    6.923677477116345,
    -1.5135242995222915,
    1.1411929460227574,
    -0.037116005627909406,
    1.9574851328637182,
    10.800385231577,
    3.216270038829856,
    15.124738810899936
  ],
  "std": [
    5.019520682188572,
    2.995230294166454,
    9.600557694124129,
    10.628825213171414,
    5.049831753496465,
    5.444360826576871,
    0.8433534117550665,
    3.368610834988363,
    7.150679270680406,
    3.34381132033465,
    12.056457670689147,
    9.601194174703352,
    7.816683901036897,
    7.3108713451463405,
    0.8011244940216585,
    3.9641246198578215,
    3.2525424382049786,
    2.4028742235798273,
    8.522327454643067,
    8.141339957809187,
    3.500646181927568,
    3.528842477314298,
    0.9138133397244574,
    4.177791406948576,
    1.81619946449206,
    3.2885606732898616,
    15.152875886833
  ],
  "class_names": [
    "Walking",
    "Jogging",
    "Stairs",
    "Sitting",
    "Standing"
  ],
  "model_version": "20260319",
  "accuracy": 0.9785,
  "f1_score": 0.9785
}