{
  "feature_names": [
    "heart_rate",
    "hrv_rmssd",
    "hrv_sdnn",
    "hrv_ratio",
    "eda_mean",
    "eda_peaks",
    "skin_temp",
    "respiration_rate",
    "steps",
    "sleep_minutes",
    "activity_level",
    "hour_of_day"
  ],
  "mean": [
    75.09080020486361,
    39.85981098288449,
    49.96030525545084,
    0.10053218159082984,
    2.981158382301387,
    5.01425,
    33.517574204500626,
    14.960668305800853,
    4934.207529918358,
    420.5167532381908,
    0.4945978018142393,
    11.5925
  ],
  "std": [
    15.034336369065212,
    15.089370956660433,
    19.895525956904123,
    0.049681151102073044,
    1.4703572179241906,
    2.241996194800531,
    0.996074728928338,
    3.0511699581089107,
    4934.13188487508,
    59.34003007889699,
    0.2906629563696383,
    6.932023063291117
  ],
  "class_names": [
    "High",
    "Low",
    "Medium"
  ],
  "model_version": "20260319",
  "accuracy": 0.779,
  "f1_score": 0.7586
}